,TP,TN,FP,FN,Accuracy,Precision,Recall,F1,Mathews Correlation Cefficient
0,1626,1864,541,922,0.7046234605289723,0.7503461005999077,0.6381475667189953,0.689713679745493,0.416291047875101
