,TP,TN,FP,FN,Accuracy,Precision,Recall,F1,Mathews Correlation Cefficient
0,1778,2065,340,770,0.775893397940642,0.8394711992445704,0.6978021978021978,0.7621088726960994,0.5621190760309708
