,TP,TN,FP,FN,Accuracy,Precision,Recall,F1,Mathews Correlation Cefficient
0,2135,1660,745,413,0.7662023016353725,0.7413194444444444,0.8379120879120879,0.7866617538688284,0.5350705622567796
