,TP,TN,FP,FN,Accuracy,Precision,Recall,F1,Mathews Correlation Cefficient
0,2176,1841,564,372,0.8110236220472441,0.7941605839416058,0.8540031397174255,0.8229954614220878,0.6227686748328682
