,TP,TN,FP,FN,Accuracy,Precision,Recall,F1,Mathews Correlation Cefficient
0,2022,1704,701,526,0.7522713506965475,0.7425633492471538,0.793563579277865,0.7672168468981218,0.5043829515468439
